Gene,statistic,p_value,mean_group1,mean_group2,fold_change,FDR,p_value_adj,significant,log2FC,is_significant,regulation
Gene_G,58.672821646823735,9.831592269288697e-06,45.63333333333333,20.133333333333336,1.1805019919893065,7.865273815430957e-05,7.865273815430957e-05,True,0.23940047598474215,False,No Change
Gene_A,25.940760916424086,4.1152294840508e-05,10.5,5.1,1.041820175736413,0.000164609179362032,0.000164609179362032,True,0.059106281491925115,False,No Change
Gene_E,43.07247023688909,0.000117369040535446,102.26666666666665,50.5,1.0179806892110044,0.0002360782265212074,0.0002360782265212074,True,0.02571019418005038,False,No Change
Gene_C,-27.09677645251633,0.0001180391132606037,5.233333333333333,10.5,-1.0045872692199338,0.0002360782265212074,0.0002360782265212074,True,,False,No Change
Gene_H,0.6123724356958027,0.5733922538253508,12.300000000000002,12.200000000000001,0.0117771679076251,0.9174276061205612,0.9174276061205612,False,-6.4078635382848965,False,No Change
Gene_F,3.439900227959408e-15,0.9999999999999976,2.2,2.1999999999999997,7.869281274936804e-11,1.0,1.0,False,-33.564977167676844,False,No Change
Gene_D,0.0,1.0,8.9,8.9,1.2805953722552085e-10,1.0,1.0,False,-32.86246624731982,False,No Change
Gene_B,0.0,1.0,12.1,12.1,1.3234636257253908e-10,1.0,1.0,False,-32.8149624047443,False,No Change
