Gene,sample1,sample2,sample3,control1,control2,control3,Mean_Treatment,Mean_Control,Fold_Change,Log2FC,p_value,Significant,Regulation
Gene_G,45.8,46.2,44.9,20.1,19.8,20.5,45.63333333333333,20.133333333333336,2.266556291390728,1.1805019919328203,9.831592269288697e-06,True,Up-regulated
Gene_A,10.5,10.8,10.2,5.1,5.3,4.9,10.5,5.1,2.058823529411765,1.0418201756946273,4.1152294840508e-05,True,Up-regulated
Gene_E,102.5,100.2,104.1,50.5,49.8,51.2,102.26666666666665,50.5,2.025082508250825,1.01798068914262,0.000117369040535446,True,Up-regulated
Gene_C,5.2,5.1,5.4,10.5,10.8,10.2,5.233333333333333,10.5,0.4984126984126984,-1.0045872694956517,0.0001180391132606037,True,Down-regulated
Gene_H,12.5,12.1,12.3,12.2,12.4,12.0,12.300000000000002,12.200000000000001,1.0081967213114755,0.01177716777635377,0.5733922538253508,False,No Change
Gene_F,2.1,2.3,2.2,2.2,2.0,2.4,2.2,2.1999999999999997,1.0000000000000002,3.203426503814917e-16,0.9999999999999976,False,No Change
Gene_D,8.9,9.1,8.7,9.0,8.8,8.9,8.9,8.9,1.0,0.0,1.0,False,No Change
Gene_B,12.1,11.9,12.3,12.0,12.2,12.1,12.1,12.1,1.0,0.0,1.0,False,No Change
